efta,dataset,url,verify_status,verify_content_type,verify_content_length,verdict,original_cl,original_lm
EFTA00652908,9,https://www.justice.gov/epstein/files/DataSet%209/EFTA00652908.pdf,404,text/html,20,REMOVED,20,"Tue, 02 Sep 2025 17:24:21 GMT"
EFTA00246712,9,https://www.justice.gov/epstein/files/DataSet%209/EFTA00246712.pdf,404,text/html,20,REMOVED,20,"Tue, 02 Sep 2025 17:24:21 GMT"
EFTA01171786,9,https://www.justice.gov/epstein/files/DataSet%209/EFTA01171786.pdf,404,text/html,20,REMOVED,20,"Tue, 02 Sep 2025 17:24:21 GMT"
EFTA01166445,9,https://www.justice.gov/epstein/files/DataSet%209/EFTA01166445.pdf,404,text/html,20,REMOVED,20,"Tue, 02 Sep 2025 17:24:21 GMT"
EFTA01157022,9,https://www.justice.gov/epstein/files/DataSet%209/EFTA01157022.pdf,404,text/html,20,REMOVED,20,"Tue, 02 Sep 2025 17:24:21 GMT"
EFTA00787241,9,https://www.justice.gov/epstein/files/DataSet%209/EFTA00787241.pdf,404,text/html,20,REMOVED,20,"Tue, 02 Sep 2025 17:24:21 GMT"
EFTA00555988,9,https://www.justice.gov/epstein/files/DataSet%209/EFTA00555988.pdf,404,text/html,20,REMOVED,20,"Tue, 02 Sep 2025 17:24:21 GMT"
EFTA00543466,9,https://www.justice.gov/epstein/files/DataSet%209/EFTA00543466.pdf,404,text/html,20,REMOVED,20,"Tue, 02 Sep 2025 17:24:21 GMT"
EFTA01231998,9,https://www.justice.gov/epstein/files/DataSet%209/EFTA01231998.pdf,404,text/html,20,REMOVED,20,"Tue, 02 Sep 2025 17:24:21 GMT"
EFTA00274402,9,https://www.justice.gov/epstein/files/DataSet%209/EFTA00274402.pdf,404,text/html,20,REMOVED,20,"Tue, 02 Sep 2025 17:24:21 GMT"
EFTA00274142,9,https://www.justice.gov/epstein/files/DataSet%209/EFTA00274142.pdf,404,text/html,20,REMOVED,464,
EFTA00548368,9,https://www.justice.gov/epstein/files/DataSet%209/EFTA00548368.pdf,404,text/html,20,REMOVED,20,"Tue, 02 Sep 2025 17:24:21 GMT"
EFTA01156319,9,https://www.justice.gov/epstein/files/DataSet%209/EFTA01156319.pdf,404,text/html,20,REMOVED,20,"Tue, 02 Sep 2025 17:24:21 GMT"
EFTA01159877,9,https://www.justice.gov/epstein/files/DataSet%209/EFTA01159877.pdf,404,text/html,20,REMOVED,20,"Tue, 02 Sep 2025 17:24:21 GMT"
EFTA01792160,10,https://www.justice.gov/epstein/files/DataSet%2010/EFTA01792160.pdf,404,text/html,20,REMOVED,20,"Tue, 02 Sep 2025 17:24:21 GMT"
EFTA00247035,9,https://www.justice.gov/epstein/files/DataSet%209/EFTA00247035.pdf,404,text/html,20,REMOVED,20,"Tue, 02 Sep 2025 17:24:21 GMT"
EFTA01149033,9,https://www.justice.gov/epstein/files/DataSet%209/EFTA01149033.pdf,404,text/html,20,REMOVED,20,"Tue, 02 Sep 2025 17:24:21 GMT"
EFTA01231683,9,https://www.justice.gov/epstein/files/DataSet%209/EFTA01231683.pdf,404,text/html,20,REMOVED,20,"Tue, 02 Sep 2025 17:24:21 GMT"
EFTA01156584,9,https://www.justice.gov/epstein/files/DataSet%209/EFTA01156584.pdf,404,text/html,20,REMOVED,20,"Tue, 02 Sep 2025 17:24:21 GMT"
EFTA01235574,9,https://www.justice.gov/epstein/files/DataSet%209/EFTA01235574.pdf,404,text/html,20,REMOVED,20,"Tue, 02 Sep 2025 17:24:21 GMT"
EFTA01172414,9,https://www.justice.gov/epstein/files/DataSet%209/EFTA01172414.pdf,404,text/html,20,REMOVED,20,"Tue, 02 Sep 2025 17:24:21 GMT"
EFTA00172958,9,https://www.justice.gov/epstein/files/DataSet%209/EFTA00172958.pdf,404,text/html,20,REMOVED,20,"Tue, 02 Sep 2025 17:24:21 GMT"
EFTA01133711,9,https://www.justice.gov/epstein/files/DataSet%209/EFTA01133711.pdf,404,text/html,20,REMOVED,464,
EFTA01232088,9,https://www.justice.gov/epstein/files/DataSet%209/EFTA01232088.pdf,404,text/html,20,REMOVED,20,"Tue, 02 Sep 2025 17:24:21 GMT"
EFTA01189041,9,https://www.justice.gov/epstein/files/DataSet%209/EFTA01189041.pdf,404,text/html,20,REMOVED,464,
EFTA01172372,9,https://www.justice.gov/epstein/files/DataSet%209/EFTA01172372.pdf,404,text/html,20,REMOVED,20,"Tue, 02 Sep 2025 17:24:21 GMT"
EFTA01132197,9,https://www.justice.gov/epstein/files/DataSet%209/EFTA01132197.pdf,200,application/pdf,15058,LIVE,464,
EFTA01155531,9,https://www.justice.gov/epstein/files/DataSet%209/EFTA01155531.pdf,404,text/html,20,REMOVED,20,"Tue, 02 Sep 2025 17:24:21 GMT"
EFTA01187318,9,https://www.justice.gov/epstein/files/DataSet%209/EFTA01187318.pdf,404,text/html,20,REMOVED,20,"Tue, 02 Sep 2025 17:24:21 GMT"
EFTA00555808,9,https://www.justice.gov/epstein/files/DataSet%209/EFTA00555808.pdf,404,text/html,20,REMOVED,20,"Tue, 02 Sep 2025 17:24:21 GMT"
EFTA00547827,9,https://www.justice.gov/epstein/files/DataSet%209/EFTA00547827.pdf,404,text/html,20,REMOVED,20,"Tue, 02 Sep 2025 17:24:21 GMT"
EFTA01215981,9,https://www.justice.gov/epstein/files/DataSet%209/EFTA01215981.pdf,404,text/html,20,REMOVED,20,"Tue, 02 Sep 2025 17:24:21 GMT"
EFTA00549785,9,https://www.justice.gov/epstein/files/DataSet%209/EFTA00549785.pdf,404,text/html,20,REMOVED,20,"Tue, 02 Sep 2025 17:24:21 GMT"
EFTA01198467,9,https://www.justice.gov/epstein/files/DataSet%209/EFTA01198467.pdf,404,text/html,20,REMOVED,464,
EFTA01190307,9,https://www.justice.gov/epstein/files/DataSet%209/EFTA01190307.pdf,200,application/pdf,29528,LIVE,464,
EFTA01169987,9,https://www.justice.gov/epstein/files/DataSet%209/EFTA01169987.pdf,404,text/html,20,REMOVED,9431,"Tue, 02 Sep 2025 17:24:21 GMT"
EFTA00275932,9,https://www.justice.gov/epstein/files/DataSet%209/EFTA00275932.pdf,404,text/html,20,REMOVED,20,"Tue, 02 Sep 2025 17:24:21 GMT"
EFTA01236913,9,https://www.justice.gov/epstein/files/DataSet%209/EFTA01236913.pdf,404,text/html,20,REMOVED,20,"Tue, 02 Sep 2025 17:24:21 GMT"
EFTA00758514,9,https://www.justice.gov/epstein/files/DataSet%209/EFTA00758514.pdf,404,text/html,20,REMOVED,20,"Tue, 02 Sep 2025 17:24:21 GMT"
EFTA01215799,9,https://www.justice.gov/epstein/files/DataSet%209/EFTA01215799.pdf,404,text/html,20,REMOVED,20,"Tue, 02 Sep 2025 17:24:21 GMT"
EFTA00520631,9,https://www.justice.gov/epstein/files/DataSet%209/EFTA00520631.pdf,404,text/html,20,REMOVED,20,"Tue, 02 Sep 2025 17:24:21 GMT"
EFTA01174760,9,https://www.justice.gov/epstein/files/DataSet%209/EFTA01174760.pdf,404,text/html,20,REMOVED,464,
EFTA01199640,9,https://www.justice.gov/epstein/files/DataSet%209/EFTA01199640.pdf,404,text/html,20,REMOVED,9431,"Tue, 02 Sep 2025 17:24:21 GMT"
EFTA01147745,9,https://www.justice.gov/epstein/files/DataSet%209/EFTA01147745.pdf,404,text/html,20,REMOVED,20,"Tue, 02 Sep 2025 17:24:21 GMT"
EFTA00519419,9,https://www.justice.gov/epstein/files/DataSet%209/EFTA00519419.pdf,404,text/html,20,REMOVED,9431,"Tue, 02 Sep 2025 17:24:21 GMT"
EFTA00276243,9,https://www.justice.gov/epstein/files/DataSet%209/EFTA00276243.pdf,404,text/html,20,REMOVED,20,"Tue, 02 Sep 2025 17:24:21 GMT"
EFTA01158922,9,https://www.justice.gov/epstein/files/DataSet%209/EFTA01158922.pdf,404,text/html,20,REMOVED,20,"Tue, 02 Sep 2025 17:24:21 GMT"
EFTA01174224,9,https://www.justice.gov/epstein/files/DataSet%209/EFTA01174224.pdf,404,text/html,20,REMOVED,464,
EFTA00524064,9,https://www.justice.gov/epstein/files/DataSet%209/EFTA00524064.pdf,404,text/html,20,REMOVED,20,"Tue, 02 Sep 2025 17:24:21 GMT"
EFTA01159968,9,https://www.justice.gov/epstein/files/DataSet%209/EFTA01159968.pdf,404,text/html,20,REMOVED,20,"Tue, 02 Sep 2025 17:24:21 GMT"
EFTA00555266,9,https://www.justice.gov/epstein/files/DataSet%209/EFTA00555266.pdf,404,text/html,20,REMOVED,20,"Tue, 02 Sep 2025 17:24:21 GMT"
EFTA01216007,9,https://www.justice.gov/epstein/files/DataSet%209/EFTA01216007.pdf,404,text/html,20,REMOVED,20,"Tue, 02 Sep 2025 17:24:21 GMT"
EFTA01172385,9,https://www.justice.gov/epstein/files/DataSet%209/EFTA01172385.pdf,404,text/html,20,REMOVED,20,"Tue, 02 Sep 2025 17:24:21 GMT"
EFTA01236125,9,https://www.justice.gov/epstein/files/DataSet%209/EFTA01236125.pdf,404,text/html,20,REMOVED,462,
EFTA01201129,9,https://www.justice.gov/epstein/files/DataSet%209/EFTA01201129.pdf,404,text/html,20,REMOVED,9431,"Tue, 02 Sep 2025 17:24:21 GMT"
EFTA01134152,9,https://www.justice.gov/epstein/files/DataSet%209/EFTA01134152.pdf,404,text/html,20,REMOVED,20,"Tue, 02 Sep 2025 17:24:21 GMT"
EFTA01205380,9,https://www.justice.gov/epstein/files/DataSet%209/EFTA01205380.pdf,404,text/html,20,REMOVED,20,"Tue, 02 Sep 2025 17:24:21 GMT"
EFTA01196323,9,https://www.justice.gov/epstein/files/DataSet%209/EFTA01196323.pdf,404,text/html,20,REMOVED,20,"Tue, 02 Sep 2025 17:24:21 GMT"
EFTA01153861,9,https://www.justice.gov/epstein/files/DataSet%209/EFTA01153861.pdf,200,application/pdf,286957,LIVE,464,
EFTA01170443,9,https://www.justice.gov/epstein/files/DataSet%209/EFTA01170443.pdf,404,text/html,20,REMOVED,9431,"Tue, 02 Sep 2025 17:24:21 GMT"
EFTA00519661,9,https://www.justice.gov/epstein/files/DataSet%209/EFTA00519661.pdf,404,text/html,20,REMOVED,9431,"Tue, 02 Sep 2025 17:24:21 GMT"
EFTA01136890,9,https://www.justice.gov/epstein/files/DataSet%209/EFTA01136890.pdf,404,text/html,20,REMOVED,462,
EFTA01166434,9,https://www.justice.gov/epstein/files/DataSet%209/EFTA01166434.pdf,404,text/html,20,REMOVED,20,"Tue, 02 Sep 2025 17:24:21 GMT"
EFTA01134287,9,https://www.justice.gov/epstein/files/DataSet%209/EFTA01134287.pdf,404,text/html,20,REMOVED,20,"Tue, 02 Sep 2025 17:24:21 GMT"
EFTA01237285,9,https://www.justice.gov/epstein/files/DataSet%209/EFTA01237285.pdf,404,text/html,20,REMOVED,20,"Tue, 02 Sep 2025 17:24:21 GMT"
EFTA01215919,9,https://www.justice.gov/epstein/files/DataSet%209/EFTA01215919.pdf,404,text/html,20,REMOVED,20,"Tue, 02 Sep 2025 17:24:21 GMT"
EFTA01170861,9,https://www.justice.gov/epstein/files/DataSet%209/EFTA01170861.pdf,404,text/html,20,REMOVED,464,
EFTA01156448,9,https://www.justice.gov/epstein/files/DataSet%209/EFTA01156448.pdf,404,text/html,20,REMOVED,20,"Tue, 02 Sep 2025 17:24:21 GMT"
EFTA01181475,9,https://www.justice.gov/epstein/files/DataSet%209/EFTA01181475.pdf,404,text/html,20,REMOVED,20,"Tue, 02 Sep 2025 17:24:21 GMT"
EFTA00279529,9,https://www.justice.gov/epstein/files/DataSet%209/EFTA00279529.pdf,200,application/pdf,2433,LIVE,464,
EFTA01159142,9,https://www.justice.gov/epstein/files/DataSet%209/EFTA01159142.pdf,404,text/html,20,REMOVED,20,"Tue, 02 Sep 2025 17:24:21 GMT"
EFTA00274444,9,https://www.justice.gov/epstein/files/DataSet%209/EFTA00274444.pdf,404,text/html,20,REMOVED,20,"Tue, 02 Sep 2025 17:24:21 GMT"
EFTA01179589,9,https://www.justice.gov/epstein/files/DataSet%209/EFTA01179589.pdf,404,text/html,20,REMOVED,464,
EFTA01229239,9,https://www.justice.gov/epstein/files/DataSet%209/EFTA01229239.pdf,404,text/html,20,REMOVED,20,"Tue, 02 Sep 2025 17:24:21 GMT"
EFTA01170550,9,https://www.justice.gov/epstein/files/DataSet%209/EFTA01170550.pdf,404,text/html,20,REMOVED,464,
EFTA00518978,9,https://www.justice.gov/epstein/files/DataSet%209/EFTA00518978.pdf,404,text/html,20,REMOVED,9431,"Tue, 02 Sep 2025 17:24:21 GMT"
EFTA01154301,9,https://www.justice.gov/epstein/files/DataSet%209/EFTA01154301.pdf,200,application/pdf,109065,LIVE,464,
EFTA01179404,9,https://www.justice.gov/epstein/files/DataSet%209/EFTA01179404.pdf,404,text/html,20,REMOVED,464,
EFTA01154969,9,https://www.justice.gov/epstein/files/DataSet%209/EFTA01154969.pdf,404,text/html,20,REMOVED,20,"Tue, 02 Sep 2025 17:24:21 GMT"
EFTA01242133,9,https://www.justice.gov/epstein/files/DataSet%209/EFTA01242133.pdf,404,text/html,20,REMOVED,20,"Tue, 02 Sep 2025 17:24:21 GMT"
EFTA01228512,9,https://www.justice.gov/epstein/files/DataSet%209/EFTA01228512.pdf,404,text/html,20,REMOVED,20,"Tue, 02 Sep 2025 17:24:21 GMT"
EFTA01236838,9,https://www.justice.gov/epstein/files/DataSet%209/EFTA01236838.pdf,404,text/html,20,REMOVED,462,
EFTA00817978,9,https://www.justice.gov/epstein/files/DataSet%209/EFTA00817978.pdf,404,text/html,20,REMOVED,20,"Tue, 02 Sep 2025 17:24:21 GMT"
EFTA01170034,9,https://www.justice.gov/epstein/files/DataSet%209/EFTA01170034.pdf,404,text/html,20,REMOVED,9431,"Tue, 02 Sep 2025 17:24:21 GMT"
EFTA00787253,9,https://www.justice.gov/epstein/files/DataSet%209/EFTA00787253.pdf,404,text/html,20,REMOVED,20,"Tue, 02 Sep 2025 17:24:21 GMT"
EFTA01166854,9,https://www.justice.gov/epstein/files/DataSet%209/EFTA01166854.pdf,404,text/html,20,REMOVED,20,"Tue, 02 Sep 2025 17:24:21 GMT"
EFTA01169537,9,https://www.justice.gov/epstein/files/DataSet%209/EFTA01169537.pdf,404,text/html,20,REMOVED,464,
EFTA01232851,9,https://www.justice.gov/epstein/files/DataSet%209/EFTA01232851.pdf,404,text/html,20,REMOVED,20,"Tue, 02 Sep 2025 17:24:21 GMT"
EFTA01229007,9,https://www.justice.gov/epstein/files/DataSet%209/EFTA01229007.pdf,404,text/html,20,REMOVED,20,"Tue, 02 Sep 2025 17:24:21 GMT"
EFTA01200105,9,https://www.justice.gov/epstein/files/DataSet%209/EFTA01200105.pdf,404,text/html,20,REMOVED,9431,"Tue, 02 Sep 2025 17:24:21 GMT"
EFTA01156409,9,https://www.justice.gov/epstein/files/DataSet%209/EFTA01156409.pdf,404,text/html,20,REMOVED,20,"Tue, 02 Sep 2025 17:24:21 GMT"
EFTA00787083,9,https://www.justice.gov/epstein/files/DataSet%209/EFTA00787083.pdf,404,text/html,20,REMOVED,20,"Tue, 02 Sep 2025 17:24:21 GMT"
EFTA02160447,10,https://www.justice.gov/epstein/files/DataSet%2010/EFTA02160447.pdf,404,text/html,20,REMOVED,465,
EFTA01241384,9,https://www.justice.gov/epstein/files/DataSet%209/EFTA01241384.pdf,404,text/html,20,REMOVED,20,"Tue, 02 Sep 2025 17:24:21 GMT"
EFTA00544771,9,https://www.justice.gov/epstein/files/DataSet%209/EFTA00544771.pdf,404,text/html,20,REMOVED,20,"Tue, 02 Sep 2025 17:24:21 GMT"
EFTA00276412,9,https://www.justice.gov/epstein/files/DataSet%209/EFTA00276412.pdf,404,text/html,20,REMOVED,20,"Tue, 02 Sep 2025 17:24:21 GMT"
EFTA00574111,9,https://www.justice.gov/epstein/files/DataSet%209/EFTA00574111.pdf,404,text/html,20,REMOVED,20,"Tue, 02 Sep 2025 17:24:21 GMT"
EFTA01131421,9,https://www.justice.gov/epstein/files/DataSet%209/EFTA01131421.pdf,404,text/html,20,REMOVED,20,"Tue, 02 Sep 2025 17:24:21 GMT"
EFTA01133767,9,https://www.justice.gov/epstein/files/DataSet%209/EFTA01133767.pdf,404,text/html,20,REMOVED,464,
EFTA01232029,9,https://www.justice.gov/epstein/files/DataSet%209/EFTA01232029.pdf,404,text/html,20,REMOVED,20,"Tue, 02 Sep 2025 17:24:21 GMT"
EFTA00515798,9,https://www.justice.gov/epstein/files/DataSet%209/EFTA00515798.pdf,200,application/pdf,760653,LIVE,460,
EFTA01218425,9,https://www.justice.gov/epstein/files/DataSet%209/EFTA01218425.pdf,200,application/pdf,705375,LIVE,464,
EFTA01216203,9,https://www.justice.gov/epstein/files/DataSet%209/EFTA01216203.pdf,404,text/html,20,REMOVED,464,
EFTA01238044,9,https://www.justice.gov/epstein/files/DataSet%209/EFTA01238044.pdf,404,text/html,20,REMOVED,20,"Tue, 02 Sep 2025 17:24:21 GMT"
EFTA01167616,9,https://www.justice.gov/epstein/files/DataSet%209/EFTA01167616.pdf,404,text/html,20,REMOVED,464,
EFTA00242417,9,https://www.justice.gov/epstein/files/DataSet%209/EFTA00242417.pdf,404,text/html,20,REMOVED,20,"Tue, 02 Sep 2025 17:24:21 GMT"
EFTA00711555,9,https://www.justice.gov/epstein/files/DataSet%209/EFTA00711555.pdf,404,text/html,20,REMOVED,20,"Tue, 02 Sep 2025 17:24:21 GMT"
EFTA01170423,9,https://www.justice.gov/epstein/files/DataSet%209/EFTA01170423.pdf,404,text/html,20,REMOVED,9431,"Tue, 02 Sep 2025 17:24:21 GMT"
EFTA01189024,9,https://www.justice.gov/epstein/files/DataSet%209/EFTA01189024.pdf,404,text/html,20,REMOVED,464,
EFTA00656644,9,https://www.justice.gov/epstein/files/DataSet%209/EFTA00656644.pdf,404,text/html,20,REMOVED,20,"Tue, 02 Sep 2025 17:24:21 GMT"
EFTA01174802,9,https://www.justice.gov/epstein/files/DataSet%209/EFTA01174802.pdf,404,text/html,20,REMOVED,464,
EFTA01233681,9,https://www.justice.gov/epstein/files/DataSet%209/EFTA01233681.pdf,404,text/html,20,REMOVED,20,"Tue, 02 Sep 2025 17:24:21 GMT"
EFTA01133201,9,https://www.justice.gov/epstein/files/DataSet%209/EFTA01133201.pdf,404,text/html,20,REMOVED,464,
EFTA01236166,9,https://www.justice.gov/epstein/files/DataSet%209/EFTA01236166.pdf,404,text/html,20,REMOVED,462,
EFTA00128428,9,https://www.justice.gov/epstein/files/DataSet%209/EFTA00128428.pdf,404,text/html,20,REMOVED,20,"Tue, 02 Sep 2025 17:24:21 GMT"
EFTA01169732,9,https://www.justice.gov/epstein/files/DataSet%209/EFTA01169732.pdf,404,text/html,20,REMOVED,464,
EFTA01242310,9,https://www.justice.gov/epstein/files/DataSet%209/EFTA01242310.pdf,404,text/html,20,REMOVED,20,"Tue, 02 Sep 2025 17:24:21 GMT"
EFTA01140186,9,https://www.justice.gov/epstein/files/DataSet%209/EFTA01140186.pdf,404,text/html,20,REMOVED,20,"Tue, 02 Sep 2025 17:24:21 GMT"
EFTA01990588,10,https://www.justice.gov/epstein/files/DataSet%2010/EFTA01990588.pdf,404,text/html,20,REMOVED,20,"Tue, 02 Sep 2025 17:24:21 GMT"
EFTA00558889,9,https://www.justice.gov/epstein/files/DataSet%209/EFTA00558889.pdf,404,text/html,20,REMOVED,20,"Tue, 02 Sep 2025 17:24:21 GMT"
EFTA01175561,9,https://www.justice.gov/epstein/files/DataSet%209/EFTA01175561.pdf,404,text/html,20,REMOVED,20,"Tue, 02 Sep 2025 17:24:21 GMT"
EFTA01990182,10,https://www.justice.gov/epstein/files/DataSet%2010/EFTA01990182.pdf,404,text/html,20,REMOVED,20,"Tue, 02 Sep 2025 17:24:21 GMT"
EFTA01149042,9,https://www.justice.gov/epstein/files/DataSet%209/EFTA01149042.pdf,404,text/html,20,REMOVED,20,"Tue, 02 Sep 2025 17:24:21 GMT"
EFTA01131420,9,https://www.justice.gov/epstein/files/DataSet%209/EFTA01131420.pdf,404,text/html,20,REMOVED,20,"Tue, 02 Sep 2025 17:24:21 GMT"
EFTA01215193,9,https://www.justice.gov/epstein/files/DataSet%209/EFTA01215193.pdf,404,text/html,20,REMOVED,20,"Tue, 02 Sep 2025 17:24:21 GMT"
EFTA01133995,9,https://www.justice.gov/epstein/files/DataSet%209/EFTA01133995.pdf,404,text/html,20,REMOVED,20,"Tue, 02 Sep 2025 17:24:21 GMT"
EFTA00078956,9,https://www.justice.gov/epstein/files/DataSet%209/EFTA00078956.pdf,404,text/html,20,REMOVED,20,"Tue, 02 Sep 2025 17:24:21 GMT"
EFTA01181428,9,https://www.justice.gov/epstein/files/DataSet%209/EFTA01181428.pdf,404,text/html,20,REMOVED,20,"Tue, 02 Sep 2025 17:24:21 GMT"
EFTA01240740,9,https://www.justice.gov/epstein/files/DataSet%209/EFTA01240740.pdf,404,text/html,20,REMOVED,20,"Tue, 02 Sep 2025 17:24:21 GMT"
EFTA00245222,9,https://www.justice.gov/epstein/files/DataSet%209/EFTA00245222.pdf,404,text/html,20,REMOVED,20,"Tue, 02 Sep 2025 17:24:21 GMT"
EFTA00664264,9,https://www.justice.gov/epstein/files/DataSet%209/EFTA00664264.pdf,404,text/html,20,REMOVED,20,"Tue, 02 Sep 2025 17:24:21 GMT"
EFTA01200623,9,https://www.justice.gov/epstein/files/DataSet%209/EFTA01200623.pdf,404,text/html,20,REMOVED,9431,"Tue, 02 Sep 2025 17:24:21 GMT"
EFTA01178162,9,https://www.justice.gov/epstein/files/DataSet%209/EFTA01178162.pdf,404,text/html,20,REMOVED,20,"Tue, 02 Sep 2025 17:24:21 GMT"
EFTA01165047,9,https://www.justice.gov/epstein/files/DataSet%209/EFTA01165047.pdf,404,text/html,20,REMOVED,20,"Tue, 02 Sep 2025 17:24:21 GMT"
EFTA00396763,9,https://www.justice.gov/epstein/files/DataSet%209/EFTA00396763.pdf,404,text/html,20,REMOVED,20,"Tue, 02 Sep 2025 17:24:21 GMT"
EFTA01165311,9,https://www.justice.gov/epstein/files/DataSet%209/EFTA01165311.pdf,404,text/html,20,REMOVED,20,"Tue, 02 Sep 2025 17:24:21 GMT"
EFTA00520625,9,https://www.justice.gov/epstein/files/DataSet%209/EFTA00520625.pdf,404,text/html,20,REMOVED,20,"Tue, 02 Sep 2025 17:24:21 GMT"
EFTA00542523,9,https://www.justice.gov/epstein/files/DataSet%209/EFTA00542523.pdf,404,text/html,20,REMOVED,20,"Tue, 02 Sep 2025 17:24:21 GMT"
EFTA01240397,9,https://www.justice.gov/epstein/files/DataSet%209/EFTA01240397.pdf,404,text/html,20,REMOVED,20,"Tue, 02 Sep 2025 17:24:21 GMT"
EFTA00519374,9,https://www.justice.gov/epstein/files/DataSet%209/EFTA00519374.pdf,404,text/html,20,REMOVED,9431,"Tue, 02 Sep 2025 17:24:21 GMT"
EFTA00760276,9,https://www.justice.gov/epstein/files/DataSet%209/EFTA00760276.pdf,404,text/html,20,REMOVED,20,"Tue, 02 Sep 2025 17:24:21 GMT"
EFTA00768264,9,https://www.justice.gov/epstein/files/DataSet%209/EFTA00768264.pdf,404,text/html,20,REMOVED,464,
EFTA01238992,9,https://www.justice.gov/epstein/files/DataSet%209/EFTA01238992.pdf,404,text/html,20,REMOVED,20,"Tue, 02 Sep 2025 17:24:21 GMT"
EFTA01134604,9,https://www.justice.gov/epstein/files/DataSet%209/EFTA01134604.pdf,404,text/html,20,REMOVED,20,"Tue, 02 Sep 2025 17:24:21 GMT"
EFTA01170057,9,https://www.justice.gov/epstein/files/DataSet%209/EFTA01170057.pdf,404,text/html,20,REMOVED,9431,"Tue, 02 Sep 2025 17:24:21 GMT"
EFTA01232157,9,https://www.justice.gov/epstein/files/DataSet%209/EFTA01232157.pdf,404,text/html,20,REMOVED,20,"Tue, 02 Sep 2025 17:24:21 GMT"
EFTA01154474,9,https://www.justice.gov/epstein/files/DataSet%209/EFTA01154474.pdf,200,application/pdf,53328,LIVE,464,
EFTA01149497,9,https://www.justice.gov/epstein/files/DataSet%209/EFTA01149497.pdf,404,text/html,20,REMOVED,20,"Tue, 02 Sep 2025 17:24:21 GMT"
EFTA01178832,9,https://www.justice.gov/epstein/files/DataSet%209/EFTA01178832.pdf,404,text/html,20,REMOVED,464,
EFTA01228953,9,https://www.justice.gov/epstein/files/DataSet%209/EFTA01228953.pdf,404,text/html,20,REMOVED,20,"Tue, 02 Sep 2025 17:24:21 GMT"
EFTA01207715,9,https://www.justice.gov/epstein/files/DataSet%209/EFTA01207715.pdf,404,text/html,20,REMOVED,20,"Tue, 02 Sep 2025 17:24:21 GMT"
EFTA01234118,9,https://www.justice.gov/epstein/files/DataSet%209/EFTA01234118.pdf,404,text/html,20,REMOVED,462,
EFTA01235873,9,https://www.justice.gov/epstein/files/DataSet%209/EFTA01235873.pdf,404,text/html,20,REMOVED,20,"Tue, 02 Sep 2025 17:24:21 GMT"
EFTA00752596,9,https://www.justice.gov/epstein/files/DataSet%209/EFTA00752596.pdf,404,text/html,20,REMOVED,20,"Tue, 02 Sep 2025 17:24:21 GMT"
EFTA01167055,9,https://www.justice.gov/epstein/files/DataSet%209/EFTA01167055.pdf,404,text/html,20,REMOVED,464,
EFTA01158009,9,https://www.justice.gov/epstein/files/DataSet%209/EFTA01158009.pdf,404,text/html,20,REMOVED,20,"Tue, 02 Sep 2025 17:24:21 GMT"
EFTA00517013,9,https://www.justice.gov/epstein/files/DataSet%209/EFTA00517013.pdf,200,application/pdf,729104,LIVE,460,
EFTA01188016,9,https://www.justice.gov/epstein/files/DataSet%209/EFTA01188016.pdf,404,text/html,20,REMOVED,20,"Tue, 02 Sep 2025 17:24:21 GMT"
EFTA00245985,9,https://www.justice.gov/epstein/files/DataSet%209/EFTA00245985.pdf,404,text/html,20,REMOVED,20,"Tue, 02 Sep 2025 17:24:21 GMT"
EFTA01159430,9,https://www.justice.gov/epstein/files/DataSet%209/EFTA01159430.pdf,404,text/html,20,REMOVED,20,"Tue, 02 Sep 2025 17:24:21 GMT"
EFTA01156529,9,https://www.justice.gov/epstein/files/DataSet%209/EFTA01156529.pdf,404,text/html,20,REMOVED,20,"Tue, 02 Sep 2025 17:24:21 GMT"
EFTA00173049,9,https://www.justice.gov/epstein/files/DataSet%209/EFTA00173049.pdf,404,text/html,20,REMOVED,20,"Tue, 02 Sep 2025 17:24:21 GMT"
EFTA00519608,9,https://www.justice.gov/epstein/files/DataSet%209/EFTA00519608.pdf,404,text/html,20,REMOVED,9431,"Tue, 02 Sep 2025 17:24:21 GMT"
EFTA00457349,9,https://www.justice.gov/epstein/files/DataSet%209/EFTA00457349.pdf,404,text/html,20,REMOVED,20,"Tue, 02 Sep 2025 17:24:21 GMT"
EFTA01159118,9,https://www.justice.gov/epstein/files/DataSet%209/EFTA01159118.pdf,404,text/html,20,REMOVED,20,"Tue, 02 Sep 2025 17:24:21 GMT"
EFTA00519137,9,https://www.justice.gov/epstein/files/DataSet%209/EFTA00519137.pdf,404,text/html,20,REMOVED,9431,"Tue, 02 Sep 2025 17:24:21 GMT"
EFTA00274354,9,https://www.justice.gov/epstein/files/DataSet%209/EFTA00274354.pdf,404,text/html,20,REMOVED,20,"Tue, 02 Sep 2025 17:24:21 GMT"
EFTA01184413,9,https://www.justice.gov/epstein/files/DataSet%209/EFTA01184413.pdf,404,text/html,20,REMOVED,20,"Tue, 02 Sep 2025 17:24:21 GMT"
EFTA00519590,9,https://www.justice.gov/epstein/files/DataSet%209/EFTA00519590.pdf,404,text/html,20,REMOVED,9431,"Tue, 02 Sep 2025 17:24:21 GMT"
EFTA02539169,11,https://www.justice.gov/epstein/files/DataSet%2011/EFTA02539169.pdf,404,text/html,20,REMOVED,465,
EFTA01164809,9,https://www.justice.gov/epstein/files/DataSet%209/EFTA01164809.pdf,404,text/html,20,REMOVED,20,"Tue, 02 Sep 2025 17:24:21 GMT"
EFTA01172451,9,https://www.justice.gov/epstein/files/DataSet%209/EFTA01172451.pdf,404,text/html,20,REMOVED,20,"Tue, 02 Sep 2025 17:24:21 GMT"
EFTA01240322,9,https://www.justice.gov/epstein/files/DataSet%209/EFTA01240322.pdf,404,text/html,20,REMOVED,20,"Tue, 02 Sep 2025 17:24:21 GMT"
EFTA01155356,9,https://www.justice.gov/epstein/files/DataSet%209/EFTA01155356.pdf,404,text/html,20,REMOVED,20,"Tue, 02 Sep 2025 17:24:21 GMT"
EFTA00776100,9,https://www.justice.gov/epstein/files/DataSet%209/EFTA00776100.pdf,200,application/pdf,16528,LIVE,464,
EFTA01238649,9,https://www.justice.gov/epstein/files/DataSet%209/EFTA01238649.pdf,404,text/html,20,REMOVED,20,"Tue, 02 Sep 2025 17:24:21 GMT"
EFTA01165882,9,https://www.justice.gov/epstein/files/DataSet%209/EFTA01165882.pdf,404,text/html,20,REMOVED,20,"Tue, 02 Sep 2025 17:24:21 GMT"
EFTA01238689,9,https://www.justice.gov/epstein/files/DataSet%209/EFTA01238689.pdf,404,text/html,20,REMOVED,20,"Tue, 02 Sep 2025 17:24:21 GMT"
EFTA01230012,9,https://www.justice.gov/epstein/files/DataSet%209/EFTA01230012.pdf,404,text/html,20,REMOVED,464,
EFTA01147079,9,https://www.justice.gov/epstein/files/DataSet%209/EFTA01147079.pdf,404,text/html,20,REMOVED,20,"Tue, 02 Sep 2025 17:24:21 GMT"
EFTA00549273,9,https://www.justice.gov/epstein/files/DataSet%209/EFTA00549273.pdf,404,text/html,20,REMOVED,20,"Tue, 02 Sep 2025 17:24:21 GMT"
EFTA00549813,9,https://www.justice.gov/epstein/files/DataSet%209/EFTA00549813.pdf,404,text/html,20,REMOVED,20,"Tue, 02 Sep 2025 17:24:21 GMT"
EFTA01233194,9,https://www.justice.gov/epstein/files/DataSet%209/EFTA01233194.pdf,404,text/html,20,REMOVED,20,"Tue, 02 Sep 2025 17:24:21 GMT"
EFTA01195632,9,https://www.justice.gov/epstein/files/DataSet%209/EFTA01195632.pdf,404,text/html,20,REMOVED,20,"Tue, 02 Sep 2025 17:24:21 GMT"
EFTA01232215,9,https://www.justice.gov/epstein/files/DataSet%209/EFTA01232215.pdf,404,text/html,20,REMOVED,20,"Tue, 02 Sep 2025 17:24:21 GMT"
EFTA01230560,9,https://www.justice.gov/epstein/files/DataSet%209/EFTA01230560.pdf,404,text/html,20,REMOVED,464,
EFTA01237909,9,https://www.justice.gov/epstein/files/DataSet%209/EFTA01237909.pdf,404,text/html,20,REMOVED,20,"Tue, 02 Sep 2025 17:24:21 GMT"
EFTA00279297,9,https://www.justice.gov/epstein/files/DataSet%209/EFTA00279297.pdf,404,text/html,20,REMOVED,464,
EFTA00553069,9,https://www.justice.gov/epstein/files/DataSet%209/EFTA00553069.pdf,404,text/html,20,REMOVED,20,"Tue, 02 Sep 2025 17:24:21 GMT"
EFTA00509917,9,https://www.justice.gov/epstein/files/DataSet%209/EFTA00509917.pdf,404,text/html,20,REMOVED,460,
EFTA01229430,9,https://www.justice.gov/epstein/files/DataSet%209/EFTA01229430.pdf,404,text/html,20,REMOVED,464,
EFTA01188741,9,https://www.justice.gov/epstein/files/DataSet%209/EFTA01188741.pdf,404,text/html,20,REMOVED,464,
EFTA00568936,9,https://www.justice.gov/epstein/files/DataSet%209/EFTA00568936.pdf,404,text/html,20,REMOVED,20,"Tue, 02 Sep 2025 17:24:21 GMT"
EFTA01167156,9,https://www.justice.gov/epstein/files/DataSet%209/EFTA01167156.pdf,404,text/html,20,REMOVED,464,
EFTA01147637,9,https://www.justice.gov/epstein/files/DataSet%209/EFTA01147637.pdf,404,text/html,20,REMOVED,20,"Tue, 02 Sep 2025 17:24:21 GMT"
EFTA01147053,9,https://www.justice.gov/epstein/files/DataSet%209/EFTA01147053.pdf,404,text/html,20,REMOVED,20,"Tue, 02 Sep 2025 17:24:21 GMT"
EFTA01235496,9,https://www.justice.gov/epstein/files/DataSet%209/EFTA01235496.pdf,404,text/html,20,REMOVED,20,"Tue, 02 Sep 2025 17:24:21 GMT"
EFTA00787325,9,https://www.justice.gov/epstein/files/DataSet%209/EFTA00787325.pdf,404,text/html,20,REMOVED,20,"Tue, 02 Sep 2025 17:24:21 GMT"
EFTA01231992,9,https://www.justice.gov/epstein/files/DataSet%209/EFTA01231992.pdf,404,text/html,20,REMOVED,20,"Tue, 02 Sep 2025 17:24:21 GMT"
EFTA01142967,9,https://www.justice.gov/epstein/files/DataSet%209/EFTA01142967.pdf,404,text/html,20,REMOVED,20,"Tue, 02 Sep 2025 17:24:21 GMT"
EFTA01172464,9,https://www.justice.gov/epstein/files/DataSet%209/EFTA01172464.pdf,404,text/html,20,REMOVED,20,"Tue, 02 Sep 2025 17:24:21 GMT"
EFTA01237333,9,https://www.justice.gov/epstein/files/DataSet%209/EFTA01237333.pdf,404,text/html,20,REMOVED,20,"Tue, 02 Sep 2025 17:24:21 GMT"
EFTA01167330,9,https://www.justice.gov/epstein/files/DataSet%209/EFTA01167330.pdf,404,text/html,20,REMOVED,464,
EFTA00520183,9,https://www.justice.gov/epstein/files/DataSet%209/EFTA00520183.pdf,404,text/html,20,REMOVED,20,"Tue, 02 Sep 2025 17:24:21 GMT"
EFTA01234778,9,https://www.justice.gov/epstein/files/DataSet%209/EFTA01234778.pdf,404,text/html,20,REMOVED,20,"Tue, 02 Sep 2025 17:24:21 GMT"
EFTA00552513,9,https://www.justice.gov/epstein/files/DataSet%209/EFTA00552513.pdf,404,text/html,20,REMOVED,20,"Tue, 02 Sep 2025 17:24:21 GMT"
EFTA00278827,9,https://www.justice.gov/epstein/files/DataSet%209/EFTA00278827.pdf,404,text/html,20,REMOVED,464,
EFTA00244574,9,https://www.justice.gov/epstein/files/DataSet%209/EFTA00244574.pdf,404,text/html,20,REMOVED,20,"Tue, 02 Sep 2025 17:24:21 GMT"
EFTA00548312,9,https://www.justice.gov/epstein/files/DataSet%209/EFTA00548312.pdf,404,text/html,20,REMOVED,20,"Tue, 02 Sep 2025 17:24:21 GMT"
EFTA01164548,9,https://www.justice.gov/epstein/files/DataSet%209/EFTA01164548.pdf,404,text/html,20,REMOVED,20,"Tue, 02 Sep 2025 17:24:21 GMT"
EFTA01135195,9,https://www.justice.gov/epstein/files/DataSet%209/EFTA01135195.pdf,404,text/html,20,REMOVED,20,"Tue, 02 Sep 2025 17:24:21 GMT"
EFTA01229927,9,https://www.justice.gov/epstein/files/DataSet%209/EFTA01229927.pdf,404,text/html,20,REMOVED,464,
EFTA01240351,9,https://www.justice.gov/epstein/files/DataSet%209/EFTA01240351.pdf,404,text/html,20,REMOVED,20,"Tue, 02 Sep 2025 17:24:21 GMT"
EFTA01239790,9,https://www.justice.gov/epstein/files/DataSet%209/EFTA01239790.pdf,404,text/html,20,REMOVED,464,
EFTA01155248,9,https://www.justice.gov/epstein/files/DataSet%209/EFTA01155248.pdf,404,text/html,20,REMOVED,20,"Tue, 02 Sep 2025 17:24:21 GMT"
EFTA01229223,9,https://www.justice.gov/epstein/files/DataSet%209/EFTA01229223.pdf,404,text/html,20,REMOVED,20,"Tue, 02 Sep 2025 17:24:21 GMT"
EFTA00445141,9,https://www.justice.gov/epstein/files/DataSet%209/EFTA00445141.pdf,404,text/html,20,REMOVED,20,"Tue, 02 Sep 2025 17:24:21 GMT"
EFTA01134536,9,https://www.justice.gov/epstein/files/DataSet%209/EFTA01134536.pdf,404,text/html,20,REMOVED,20,"Tue, 02 Sep 2025 17:24:21 GMT"
EFTA01215856,9,https://www.justice.gov/epstein/files/DataSet%209/EFTA01215856.pdf,404,text/html,20,REMOVED,20,"Tue, 02 Sep 2025 17:24:21 GMT"
EFTA00121421,9,https://www.justice.gov/epstein/files/DataSet%209/EFTA00121421.pdf,404,text/html,20,REMOVED,20,"Tue, 02 Sep 2025 17:24:21 GMT"
EFTA01227828,9,https://www.justice.gov/epstein/files/DataSet%209/EFTA01227828.pdf,404,text/html,20,REMOVED,20,"Tue, 02 Sep 2025 17:24:21 GMT"
EFTA01170076,9,https://www.justice.gov/epstein/files/DataSet%209/EFTA01170076.pdf,404,text/html,20,REMOVED,9431,"Tue, 02 Sep 2025 17:24:21 GMT"
EFTA01236334,9,https://www.justice.gov/epstein/files/DataSet%209/EFTA01236334.pdf,404,text/html,20,REMOVED,462,
EFTA01173667,9,https://www.justice.gov/epstein/files/DataSet%209/EFTA01173667.pdf,404,text/html,20,REMOVED,464,
EFTA01232140,9,https://www.justice.gov/epstein/files/DataSet%209/EFTA01232140.pdf,404,text/html,20,REMOVED,20,"Tue, 02 Sep 2025 17:24:21 GMT"
EFTA01240486,9,https://www.justice.gov/epstein/files/DataSet%209/EFTA01240486.pdf,404,text/html,20,REMOVED,20,"Tue, 02 Sep 2025 17:24:21 GMT"
EFTA01131987,9,https://www.justice.gov/epstein/files/DataSet%209/EFTA01131987.pdf,200,application/pdf,18953,LIVE,464,
EFTA01146989,9,https://www.justice.gov/epstein/files/DataSet%209/EFTA01146989.pdf,404,text/html,20,REMOVED,20,"Tue, 02 Sep 2025 17:24:21 GMT"
EFTA01175242,9,https://www.justice.gov/epstein/files/DataSet%209/EFTA01175242.pdf,404,text/html,20,REMOVED,464,
EFTA01156139,9,https://www.justice.gov/epstein/files/DataSet%209/EFTA01156139.pdf,404,text/html,20,REMOVED,20,"Tue, 02 Sep 2025 17:24:21 GMT"
EFTA00441585,9,https://www.justice.gov/epstein/files/DataSet%209/EFTA00441585.pdf,404,text/html,20,REMOVED,20,"Tue, 02 Sep 2025 17:24:21 GMT"
EFTA00509962,9,https://www.justice.gov/epstein/files/DataSet%209/EFTA00509962.pdf,404,text/html,20,REMOVED,460,
EFTA01179225,9,https://www.justice.gov/epstein/files/DataSet%209/EFTA01179225.pdf,404,text/html,20,REMOVED,464,
EFTA00351384,9,https://www.justice.gov/epstein/files/DataSet%209/EFTA00351384.pdf,404,text/html,20,REMOVED,20,"Tue, 02 Sep 2025 17:24:21 GMT"
EFTA00278769,9,https://www.justice.gov/epstein/files/DataSet%209/EFTA00278769.pdf,404,text/html,20,REMOVED,464,
EFTA01239189,9,https://www.justice.gov/epstein/files/DataSet%209/EFTA01239189.pdf,404,text/html,20,REMOVED,20,"Tue, 02 Sep 2025 17:24:21 GMT"
EFTA01334123,10,https://www.justice.gov/epstein/files/DataSet%2010/EFTA01334123.pdf,404,text/html,20,REMOVED,9431,"Tue, 02 Sep 2025 17:24:21 GMT"
EFTA01132866,9,https://www.justice.gov/epstein/files/DataSet%209/EFTA01132866.pdf,404,text/html,20,REMOVED,464,
EFTA00324914,9,https://www.justice.gov/epstein/files/DataSet%209/EFTA00324914.pdf,404,text/html,20,REMOVED,20,"Tue, 02 Sep 2025 17:24:21 GMT"
EFTA02001320,10,https://www.justice.gov/epstein/files/DataSet%2010/EFTA02001320.pdf,404,text/html,20,REMOVED,20,"Tue, 02 Sep 2025 17:24:21 GMT"
EFTA00525499,9,https://www.justice.gov/epstein/files/DataSet%209/EFTA00525499.pdf,404,text/html,20,REMOVED,20,"Tue, 02 Sep 2025 17:24:21 GMT"
EFTA01144516,9,https://www.justice.gov/epstein/files/DataSet%209/EFTA01144516.pdf,404,text/html,20,REMOVED,20,"Tue, 02 Sep 2025 17:24:21 GMT"
EFTA00519284,9,https://www.justice.gov/epstein/files/DataSet%209/EFTA00519284.pdf,404,text/html,20,REMOVED,9431,"Tue, 02 Sep 2025 17:24:21 GMT"
EFTA00519210,9,https://www.justice.gov/epstein/files/DataSet%209/EFTA00519210.pdf,404,text/html,20,REMOVED,9431,"Tue, 02 Sep 2025 17:24:21 GMT"
EFTA01164305,9,https://www.justice.gov/epstein/files/DataSet%209/EFTA01164305.pdf,404,text/html,20,REMOVED,20,"Tue, 02 Sep 2025 17:24:21 GMT"
EFTA01229581,9,https://www.justice.gov/epstein/files/DataSet%209/EFTA01229581.pdf,404,text/html,20,REMOVED,464,
EFTA00751995,9,https://www.justice.gov/epstein/files/DataSet%209/EFTA00751995.pdf,404,text/html,20,REMOVED,20,"Tue, 02 Sep 2025 17:24:21 GMT"
EFTA01166767,9,https://www.justice.gov/epstein/files/DataSet%209/EFTA01166767.pdf,404,text/html,20,REMOVED,20,"Tue, 02 Sep 2025 17:24:21 GMT"
EFTA00275446,9,https://www.justice.gov/epstein/files/DataSet%209/EFTA00275446.pdf,404,text/html,20,REMOVED,20,"Tue, 02 Sep 2025 17:24:21 GMT"
EFTA00541668,9,https://www.justice.gov/epstein/files/DataSet%209/EFTA00541668.pdf,404,text/html,20,REMOVED,20,"Tue, 02 Sep 2025 17:24:21 GMT"
EFTA01231644,9,https://www.justice.gov/epstein/files/DataSet%209/EFTA01231644.pdf,404,text/html,20,REMOVED,20,"Tue, 02 Sep 2025 17:24:21 GMT"
EFTA01179720,9,https://www.justice.gov/epstein/files/DataSet%209/EFTA01179720.pdf,404,text/html,20,REMOVED,464,
EFTA01169167,9,https://www.justice.gov/epstein/files/DataSet%209/EFTA01169167.pdf,404,text/html,20,REMOVED,464,
EFTA01150344,9,https://www.justice.gov/epstein/files/DataSet%209/EFTA01150344.pdf,404,text/html,20,REMOVED,464,
EFTA01179339,9,https://www.justice.gov/epstein/files/DataSet%209/EFTA01179339.pdf,404,text/html,20,REMOVED,464,
EFTA01164943,9,https://www.justice.gov/epstein/files/DataSet%209/EFTA01164943.pdf,404,text/html,20,REMOVED,20,"Tue, 02 Sep 2025 17:24:21 GMT"
EFTA01170203,9,https://www.justice.gov/epstein/files/DataSet%209/EFTA01170203.pdf,404,text/html,20,REMOVED,9431,"Tue, 02 Sep 2025 17:24:21 GMT"
EFTA01228532,9,https://www.justice.gov/epstein/files/DataSet%209/EFTA01228532.pdf,404,text/html,20,REMOVED,20,"Tue, 02 Sep 2025 17:24:21 GMT"
EFTA00775889,9,https://www.justice.gov/epstein/files/DataSet%209/EFTA00775889.pdf,404,text/html,20,REMOVED,464,
EFTA01175791,9,https://www.justice.gov/epstein/files/DataSet%209/EFTA01175791.pdf,404,text/html,20,REMOVED,20,"Tue, 02 Sep 2025 17:24:21 GMT"
EFTA01236625,9,https://www.justice.gov/epstein/files/DataSet%209/EFTA01236625.pdf,404,text/html,20,REMOVED,462,
EFTA01179694,9,https://www.justice.gov/epstein/files/DataSet%209/EFTA01179694.pdf,404,text/html,20,REMOVED,464,
EFTA00519811,9,https://www.justice.gov/epstein/files/DataSet%209/EFTA00519811.pdf,404,text/html,20,REMOVED,9431,"Tue, 02 Sep 2025 17:24:21 GMT"
EFTA00239804,9,https://www.justice.gov/epstein/files/DataSet%209/EFTA00239804.pdf,404,text/html,20,REMOVED,20,"Tue, 02 Sep 2025 17:24:21 GMT"
EFTA01236764,9,https://www.justice.gov/epstein/files/DataSet%209/EFTA01236764.pdf,404,text/html,20,REMOVED,462,
EFTA00553682,9,https://www.justice.gov/epstein/files/DataSet%209/EFTA00553682.pdf,404,text/html,20,REMOVED,20,"Tue, 02 Sep 2025 17:24:21 GMT"
EFTA00519905,9,https://www.justice.gov/epstein/files/DataSet%209/EFTA00519905.pdf,404,text/html,20,REMOVED,20,"Tue, 02 Sep 2025 17:24:21 GMT"
EFTA01155139,9,https://www.justice.gov/epstein/files/DataSet%209/EFTA01155139.pdf,404,text/html,20,REMOVED,20,"Tue, 02 Sep 2025 17:24:21 GMT"
EFTA01841336,10,https://www.justice.gov/epstein/files/DataSet%2010/EFTA01841336.pdf,404,text/html,20,REMOVED,20,"Tue, 02 Sep 2025 17:24:21 GMT"
EFTA00776130,9,https://www.justice.gov/epstein/files/DataSet%209/EFTA00776130.pdf,404,text/html,20,REMOVED,464,
EFTA01192452,9,https://www.justice.gov/epstein/files/DataSet%209/EFTA01192452.pdf,404,text/html,20,REMOVED,20,"Tue, 02 Sep 2025 17:24:21 GMT"
EFTA00519319,9,https://www.justice.gov/epstein/files/DataSet%209/EFTA00519319.pdf,404,text/html,20,REMOVED,9431,"Tue, 02 Sep 2025 17:24:21 GMT"
EFTA01166283,9,https://www.justice.gov/epstein/files/DataSet%209/EFTA01166283.pdf,404,text/html,20,REMOVED,20,"Tue, 02 Sep 2025 17:24:21 GMT"
EFTA01205186,9,https://www.justice.gov/epstein/files/DataSet%209/EFTA01205186.pdf,404,text/html,20,REMOVED,20,"Tue, 02 Sep 2025 17:24:21 GMT"
EFTA01173628,9,https://www.justice.gov/epstein/files/DataSet%209/EFTA01173628.pdf,200,application/pdf,141542,LIVE,464,
EFTA01133012,9,https://www.justice.gov/epstein/files/DataSet%209/EFTA01133012.pdf,404,text/html,20,REMOVED,464,
EFTA01234129,9,https://www.justice.gov/epstein/files/DataSet%209/EFTA01234129.pdf,404,text/html,20,REMOVED,462,
EFTA01176259,9,https://www.justice.gov/epstein/files/DataSet%209/EFTA01176259.pdf,404,text/html,20,REMOVED,20,"Tue, 02 Sep 2025 17:24:21 GMT"
EFTA00173569,9,https://www.justice.gov/epstein/files/DataSet%209/EFTA00173569.pdf,404,text/html,20,REMOVED,20,"Tue, 02 Sep 2025 17:24:21 GMT"
EFTA01175701,9,https://www.justice.gov/epstein/files/DataSet%209/EFTA01175701.pdf,404,text/html,20,REMOVED,20,"Tue, 02 Sep 2025 17:24:21 GMT"
EFTA00556701,9,https://www.justice.gov/epstein/files/DataSet%209/EFTA00556701.pdf,404,text/html,20,REMOVED,20,"Tue, 02 Sep 2025 17:24:21 GMT"
EFTA00776488,9,https://www.justice.gov/epstein/files/DataSet%209/EFTA00776488.pdf,200,application/pdf,75178,LIVE,464,
EFTA01169940,9,https://www.justice.gov/epstein/files/DataSet%209/EFTA01169940.pdf,404,text/html,20,REMOVED,9431,"Tue, 02 Sep 2025 17:24:21 GMT"
EFTA00734812,9,https://www.justice.gov/epstein/files/DataSet%209/EFTA00734812.pdf,404,text/html,20,REMOVED,20,"Tue, 02 Sep 2025 17:24:21 GMT"
EFTA00559354,9,https://www.justice.gov/epstein/files/DataSet%209/EFTA00559354.pdf,404,text/html,20,REMOVED,20,"Tue, 02 Sep 2025 17:24:21 GMT"
EFTA01132177,9,https://www.justice.gov/epstein/files/DataSet%209/EFTA01132177.pdf,200,application/pdf,244038,LIVE,464,
EFTA01171335,9,https://www.justice.gov/epstein/files/DataSet%209/EFTA01171335.pdf,404,text/html,20,REMOVED,20,"Tue, 02 Sep 2025 17:24:21 GMT"
EFTA01173171,9,https://www.justice.gov/epstein/files/DataSet%209/EFTA01173171.pdf,404,text/html,20,REMOVED,464,
EFTA01154200,9,https://www.justice.gov/epstein/files/DataSet%209/EFTA01154200.pdf,200,application/pdf,30673,LIVE,464,
EFTA01190011,9,https://www.justice.gov/epstein/files/DataSet%209/EFTA01190011.pdf,404,text/html,20,REMOVED,464,
EFTA01149976,9,https://www.justice.gov/epstein/files/DataSet%209/EFTA01149976.pdf,404,text/html,20,REMOVED,20,"Tue, 02 Sep 2025 17:24:21 GMT"
EFTA01169858,9,https://www.justice.gov/epstein/files/DataSet%209/EFTA01169858.pdf,200,application/pdf,20398,LIVE,464,
EFTA01794992,10,https://www.justice.gov/epstein/files/DataSet%2010/EFTA01794992.pdf,404,text/html,20,REMOVED,20,"Tue, 02 Sep 2025 17:24:21 GMT"
EFTA01240730,9,https://www.justice.gov/epstein/files/DataSet%209/EFTA01240730.pdf,404,text/html,20,REMOVED,20,"Tue, 02 Sep 2025 17:24:21 GMT"
EFTA01167577,9,https://www.justice.gov/epstein/files/DataSet%209/EFTA01167577.pdf,404,text/html,20,REMOVED,464,
EFTA00278855,9,https://www.justice.gov/epstein/files/DataSet%209/EFTA00278855.pdf,404,text/html,20,REMOVED,464,
EFTA00547725,9,https://www.justice.gov/epstein/files/DataSet%209/EFTA00547725.pdf,404,text/html,20,REMOVED,20,"Tue, 02 Sep 2025 17:24:21 GMT"
EFTA01232214,9,https://www.justice.gov/epstein/files/DataSet%209/EFTA01232214.pdf,404,text/html,20,REMOVED,20,"Tue, 02 Sep 2025 17:24:21 GMT"
EFTA01172196,9,https://www.justice.gov/epstein/files/DataSet%209/EFTA01172196.pdf,404,text/html,20,REMOVED,20,"Tue, 02 Sep 2025 17:24:21 GMT"
EFTA00276015,9,https://www.justice.gov/epstein/files/DataSet%209/EFTA00276015.pdf,404,text/html,20,REMOVED,20,"Tue, 02 Sep 2025 17:24:21 GMT"
EFTA00143412,9,https://www.justice.gov/epstein/files/DataSet%209/EFTA00143412.pdf,404,text/html,20,REMOVED,20,"Tue, 02 Sep 2025 17:24:21 GMT"
EFTA01185300,9,https://www.justice.gov/epstein/files/DataSet%209/EFTA01185300.pdf,200,application/pdf,78088,LIVE,464,
EFTA00775879,9,https://www.justice.gov/epstein/files/DataSet%209/EFTA00775879.pdf,404,text/html,20,REMOVED,464,
EFTA01169430,9,https://www.justice.gov/epstein/files/DataSet%209/EFTA01169430.pdf,404,text/html,20,REMOVED,464,
EFTA01134004,9,https://www.justice.gov/epstein/files/DataSet%209/EFTA01134004.pdf,404,text/html,20,REMOVED,20,"Tue, 02 Sep 2025 17:24:21 GMT"
EFTA01234608,9,https://www.justice.gov/epstein/files/DataSet%209/EFTA01234608.pdf,404,text/html,20,REMOVED,462,
EFTA01232753,9,https://www.justice.gov/epstein/files/DataSet%209/EFTA01232753.pdf,404,text/html,20,REMOVED,20,"Tue, 02 Sep 2025 17:24:21 GMT"
EFTA00239977,9,https://www.justice.gov/epstein/files/DataSet%209/EFTA00239977.pdf,404,text/html,20,REMOVED,20,"Tue, 02 Sep 2025 17:24:21 GMT"
EFTA00664370,9,https://www.justice.gov/epstein/files/DataSet%209/EFTA00664370.pdf,404,text/html,20,REMOVED,20,"Tue, 02 Sep 2025 17:24:21 GMT"
EFTA00520165,9,https://www.justice.gov/epstein/files/DataSet%209/EFTA00520165.pdf,404,text/html,20,REMOVED,20,"Tue, 02 Sep 2025 17:24:21 GMT"
EFTA01068928,9,https://www.justice.gov/epstein/files/DataSet%209/EFTA01068928.pdf,404,text/html,20,REMOVED,20,"Tue, 02 Sep 2025 17:24:21 GMT"
EFTA00274959,9,https://www.justice.gov/epstein/files/DataSet%209/EFTA00274959.pdf,404,text/html,20,REMOVED,20,"Tue, 02 Sep 2025 17:24:21 GMT"
EFTA01204977,9,https://www.justice.gov/epstein/files/DataSet%209/EFTA01204977.pdf,404,text/html,20,REMOVED,20,"Tue, 02 Sep 2025 17:24:21 GMT"
EFTA01068802,9,https://www.justice.gov/epstein/files/DataSet%209/EFTA01068802.pdf,404,text/html,20,REMOVED,20,"Tue, 02 Sep 2025 17:24:21 GMT"
EFTA01233029,9,https://www.justice.gov/epstein/files/DataSet%209/EFTA01233029.pdf,404,text/html,20,REMOVED,20,"Tue, 02 Sep 2025 17:24:21 GMT"
EFTA00765258,9,https://www.justice.gov/epstein/files/DataSet%209/EFTA00765258.pdf,404,text/html,20,REMOVED,20,"Tue, 02 Sep 2025 17:24:21 GMT"
EFTA00275719,9,https://www.justice.gov/epstein/files/DataSet%209/EFTA00275719.pdf,404,text/html,20,REMOVED,20,"Tue, 02 Sep 2025 17:24:21 GMT"
EFTA01178281,9,https://www.justice.gov/epstein/files/DataSet%209/EFTA01178281.pdf,404,text/html,20,REMOVED,20,"Tue, 02 Sep 2025 17:24:21 GMT"
EFTA01201032,9,https://www.justice.gov/epstein/files/DataSet%209/EFTA01201032.pdf,404,text/html,20,REMOVED,9431,"Tue, 02 Sep 2025 17:24:21 GMT"
EFTA00275466,9,https://www.justice.gov/epstein/files/DataSet%209/EFTA00275466.pdf,404,text/html,20,REMOVED,20,"Tue, 02 Sep 2025 17:24:21 GMT"
EFTA01197669,9,https://www.justice.gov/epstein/files/DataSet%209/EFTA01197669.pdf,404,text/html,20,REMOVED,464,
EFTA01154045,9,https://www.justice.gov/epstein/files/DataSet%209/EFTA01154045.pdf,200,application/pdf,38723,LIVE,464,
EFTA01167294,9,https://www.justice.gov/epstein/files/DataSet%209/EFTA01167294.pdf,404,text/html,20,REMOVED,464,
EFTA00556227,9,https://www.justice.gov/epstein/files/DataSet%209/EFTA00556227.pdf,404,text/html,20,REMOVED,20,"Tue, 02 Sep 2025 17:24:21 GMT"
EFTA01195530,9,https://www.justice.gov/epstein/files/DataSet%209/EFTA01195530.pdf,404,text/html,20,REMOVED,20,"Tue, 02 Sep 2025 17:24:21 GMT"
EFTA01229922,9,https://www.justice.gov/epstein/files/DataSet%209/EFTA01229922.pdf,404,text/html,20,REMOVED,464,
EFTA01131912,9,https://www.justice.gov/epstein/files/DataSet%209/EFTA01131912.pdf,404,text/html,20,REMOVED,464,
EFTA01164629,9,https://www.justice.gov/epstein/files/DataSet%209/EFTA01164629.pdf,404,text/html,20,REMOVED,20,"Tue, 02 Sep 2025 17:24:21 GMT"
EFTA01134132,9,https://www.justice.gov/epstein/files/DataSet%209/EFTA01134132.pdf,404,text/html,20,REMOVED,20,"Tue, 02 Sep 2025 17:24:21 GMT"
EFTA01139210,9,https://www.justice.gov/epstein/files/DataSet%209/EFTA01139210.pdf,404,text/html,20,REMOVED,20,"Tue, 02 Sep 2025 17:24:21 GMT"
EFTA01230728,9,https://www.justice.gov/epstein/files/DataSet%209/EFTA01230728.pdf,404,text/html,20,REMOVED,464,
EFTA00246652,9,https://www.justice.gov/epstein/files/DataSet%209/EFTA00246652.pdf,404,text/html,20,REMOVED,20,"Tue, 02 Sep 2025 17:24:21 GMT"
EFTA01140428,9,https://www.justice.gov/epstein/files/DataSet%209/EFTA01140428.pdf,404,text/html,20,REMOVED,20,"Tue, 02 Sep 2025 17:24:21 GMT"
EFTA01184994,9,https://www.justice.gov/epstein/files/DataSet%209/EFTA01184994.pdf,404,text/html,20,REMOVED,464,
EFTA01230649,9,https://www.justice.gov/epstein/files/DataSet%209/EFTA01230649.pdf,404,text/html,20,REMOVED,464,
EFTA01167089,9,https://www.justice.gov/epstein/files/DataSet%209/EFTA01167089.pdf,404,text/html,20,REMOVED,464,
EFTA01170420,9,https://www.justice.gov/epstein/files/DataSet%209/EFTA01170420.pdf,404,text/html,20,REMOVED,9431,"Tue, 02 Sep 2025 17:24:21 GMT"
EFTA01133542,9,https://www.justice.gov/epstein/files/DataSet%209/EFTA01133542.pdf,404,text/html,20,REMOVED,464,
EFTA00561771,9,https://www.justice.gov/epstein/files/DataSet%209/EFTA00561771.pdf,404,text/html,20,REMOVED,20,"Tue, 02 Sep 2025 17:24:21 GMT"
EFTA01216324,9,https://www.justice.gov/epstein/files/DataSet%209/EFTA01216324.pdf,404,text/html,20,REMOVED,464,
EFTA00275312,9,https://www.justice.gov/epstein/files/DataSet%209/EFTA00275312.pdf,404,text/html,20,REMOVED,20,"Tue, 02 Sep 2025 17:24:21 GMT"
EFTA01238390,9,https://www.justice.gov/epstein/files/DataSet%209/EFTA01238390.pdf,404,text/html,20,REMOVED,20,"Tue, 02 Sep 2025 17:24:21 GMT"
EFTA01156887,9,https://www.justice.gov/epstein/files/DataSet%209/EFTA01156887.pdf,404,text/html,20,REMOVED,20,"Tue, 02 Sep 2025 17:24:21 GMT"
EFTA01149194,9,https://www.justice.gov/epstein/files/DataSet%209/EFTA01149194.pdf,404,text/html,20,REMOVED,20,"Tue, 02 Sep 2025 17:24:21 GMT"
EFTA01237028,9,https://www.justice.gov/epstein/files/DataSet%209/EFTA01237028.pdf,404,text/html,20,REMOVED,20,"Tue, 02 Sep 2025 17:24:21 GMT"
EFTA01192743,9,https://www.justice.gov/epstein/files/DataSet%209/EFTA01192743.pdf,404,text/html,20,REMOVED,20,"Tue, 02 Sep 2025 17:24:21 GMT"
EFTA01177002,9,https://www.justice.gov/epstein/files/DataSet%209/EFTA01177002.pdf,404,text/html,20,REMOVED,20,"Tue, 02 Sep 2025 17:24:21 GMT"
EFTA01158855,9,https://www.justice.gov/epstein/files/DataSet%209/EFTA01158855.pdf,404,text/html,20,REMOVED,20,"Tue, 02 Sep 2025 17:24:21 GMT"
EFTA01156962,9,https://www.justice.gov/epstein/files/DataSet%209/EFTA01156962.pdf,404,text/html,20,REMOVED,20,"Tue, 02 Sep 2025 17:24:21 GMT"
EFTA00246356,9,https://www.justice.gov/epstein/files/DataSet%209/EFTA00246356.pdf,404,text/html,20,REMOVED,20,"Tue, 02 Sep 2025 17:24:21 GMT"
EFTA01147907,9,https://www.justice.gov/epstein/files/DataSet%209/EFTA01147907.pdf,404,text/html,20,REMOVED,20,"Tue, 02 Sep 2025 17:24:21 GMT"
EFTA01228883,9,https://www.justice.gov/epstein/files/DataSet%209/EFTA01228883.pdf,404,text/html,20,REMOVED,20,"Tue, 02 Sep 2025 17:24:21 GMT"
EFTA01183604,9,https://www.justice.gov/epstein/files/DataSet%209/EFTA01183604.pdf,404,text/html,20,REMOVED,20,"Tue, 02 Sep 2025 17:24:21 GMT"
EFTA01172485,9,https://www.justice.gov/epstein/files/DataSet%209/EFTA01172485.pdf,404,text/html,20,REMOVED,20,"Tue, 02 Sep 2025 17:24:21 GMT"
EFTA00519402,9,https://www.justice.gov/epstein/files/DataSet%209/EFTA00519402.pdf,404,text/html,20,REMOVED,9431,"Tue, 02 Sep 2025 17:24:21 GMT"
EFTA01172664,9,https://www.justice.gov/epstein/files/DataSet%209/EFTA01172664.pdf,404,text/html,20,REMOVED,20,"Tue, 02 Sep 2025 17:24:21 GMT"
EFTA01193856,9,https://www.justice.gov/epstein/files/DataSet%209/EFTA01193856.pdf,404,text/html,20,REMOVED,20,"Tue, 02 Sep 2025 17:24:21 GMT"
EFTA02143557,10,https://www.justice.gov/epstein/files/DataSet%2010/EFTA02143557.pdf,404,text/html,20,REMOVED,465,
EFTA01229043,9,https://www.justice.gov/epstein/files/DataSet%209/EFTA01229043.pdf,404,text/html,20,REMOVED,20,"Tue, 02 Sep 2025 17:24:21 GMT"
EFTA01184508,9,https://www.justice.gov/epstein/files/DataSet%209/EFTA01184508.pdf,404,text/html,20,REMOVED,20,"Tue, 02 Sep 2025 17:24:21 GMT"
EFTA00273854,9,https://www.justice.gov/epstein/files/DataSet%209/EFTA00273854.pdf,404,text/html,20,REMOVED,20,"Tue, 02 Sep 2025 17:24:21 GMT"
EFTA00734116,9,https://www.justice.gov/epstein/files/DataSet%209/EFTA00734116.pdf,404,text/html,20,REMOVED,20,"Tue, 02 Sep 2025 17:24:21 GMT"
EFTA01169249,9,https://www.justice.gov/epstein/files/DataSet%209/EFTA01169249.pdf,404,text/html,20,REMOVED,464,
EFTA01140159,9,https://www.justice.gov/epstein/files/DataSet%209/EFTA01140159.pdf,404,text/html,20,REMOVED,20,"Tue, 02 Sep 2025 17:24:21 GMT"
EFTA01170132,9,https://www.justice.gov/epstein/files/DataSet%209/EFTA01170132.pdf,404,text/html,20,REMOVED,9431,"Tue, 02 Sep 2025 17:24:21 GMT"
EFTA00275251,9,https://www.justice.gov/epstein/files/DataSet%209/EFTA00275251.pdf,404,text/html,20,REMOVED,20,"Tue, 02 Sep 2025 17:24:21 GMT"
EFTA00563236,9,https://www.justice.gov/epstein/files/DataSet%209/EFTA00563236.pdf,404,text/html,20,REMOVED,20,"Tue, 02 Sep 2025 17:24:21 GMT"
EFTA01233655,9,https://www.justice.gov/epstein/files/DataSet%209/EFTA01233655.pdf,404,text/html,20,REMOVED,20,"Tue, 02 Sep 2025 17:24:21 GMT"
EFTA01191034,9,https://www.justice.gov/epstein/files/DataSet%209/EFTA01191034.pdf,404,text/html,20,REMOVED,464,
EFTA01179235,9,https://www.justice.gov/epstein/files/DataSet%209/EFTA01179235.pdf,404,text/html,20,REMOVED,464,
EFTA01233895,9,https://www.justice.gov/epstein/files/DataSet%209/EFTA01233895.pdf,404,text/html,20,REMOVED,462,
EFTA02294720,11,https://www.justice.gov/epstein/files/DataSet%2011/EFTA02294720.pdf,404,text/html,20,REMOVED,465,
EFTA00736401,9,https://www.justice.gov/epstein/files/DataSet%209/EFTA00736401.pdf,404,text/html,20,REMOVED,20,"Tue, 02 Sep 2025 17:24:21 GMT"
EFTA01218832,9,https://www.justice.gov/epstein/files/DataSet%209/EFTA01218832.pdf,404,text/html,20,REMOVED,464,
EFTA01147034,9,https://www.justice.gov/epstein/files/DataSet%209/EFTA01147034.pdf,404,text/html,20,REMOVED,20,"Tue, 02 Sep 2025 17:24:21 GMT"
EFTA01168058,9,https://www.justice.gov/epstein/files/DataSet%209/EFTA01168058.pdf,200,application/pdf,201215,LIVE,464,
EFTA00276054,9,https://www.justice.gov/epstein/files/DataSet%209/EFTA00276054.pdf,404,text/html,20,REMOVED,20,"Tue, 02 Sep 2025 17:24:21 GMT"
EFTA01233850,9,https://www.justice.gov/epstein/files/DataSet%209/EFTA01233850.pdf,404,text/html,20,REMOVED,462,
EFTA00109958,9,https://www.justice.gov/epstein/files/DataSet%209/EFTA00109958.pdf,404,text/html,20,REMOVED,20,"Tue, 02 Sep 2025 17:24:21 GMT"
EFTA01148714,9,https://www.justice.gov/epstein/files/DataSet%209/EFTA01148714.pdf,404,text/html,20,REMOVED,20,"Tue, 02 Sep 2025 17:24:21 GMT"
EFTA01200789,9,https://www.justice.gov/epstein/files/DataSet%209/EFTA01200789.pdf,404,text/html,20,REMOVED,9431,"Tue, 02 Sep 2025 17:24:21 GMT"
EFTA01233227,9,https://www.justice.gov/epstein/files/DataSet%209/EFTA01233227.pdf,404,text/html,20,REMOVED,20,"Tue, 02 Sep 2025 17:24:21 GMT"
EFTA00519474,9,https://www.justice.gov/epstein/files/DataSet%209/EFTA00519474.pdf,404,text/html,20,REMOVED,9431,"Tue, 02 Sep 2025 17:24:21 GMT"
EFTA01184383,9,https://www.justice.gov/epstein/files/DataSet%209/EFTA01184383.pdf,404,text/html,20,REMOVED,20,"Tue, 02 Sep 2025 17:24:21 GMT"
EFTA01179266,9,https://www.justice.gov/epstein/files/DataSet%209/EFTA01179266.pdf,404,text/html,20,REMOVED,464,
EFTA00757583,9,https://www.justice.gov/epstein/files/DataSet%209/EFTA00757583.pdf,404,text/html,20,REMOVED,20,"Tue, 02 Sep 2025 17:24:21 GMT"
EFTA01175851,9,https://www.justice.gov/epstein/files/DataSet%209/EFTA01175851.pdf,404,text/html,20,REMOVED,20,"Tue, 02 Sep 2025 17:24:21 GMT"
EFTA01918753,10,https://www.justice.gov/epstein/files/DataSet%2010/EFTA01918753.pdf,404,text/html,20,REMOVED,20,"Tue, 02 Sep 2025 17:24:21 GMT"
EFTA01178440,9,https://www.justice.gov/epstein/files/DataSet%209/EFTA01178440.pdf,404,text/html,20,REMOVED,20,"Tue, 02 Sep 2025 17:24:21 GMT"
EFTA01230189,9,https://www.justice.gov/epstein/files/DataSet%209/EFTA01230189.pdf,404,text/html,20,REMOVED,9431,"Tue, 02 Sep 2025 17:24:21 GMT"
EFTA01182318,9,https://www.justice.gov/epstein/files/DataSet%209/EFTA01182318.pdf,404,text/html,20,REMOVED,20,"Tue, 02 Sep 2025 17:24:21 GMT"
EFTA01229401,9,https://www.justice.gov/epstein/files/DataSet%209/EFTA01229401.pdf,404,text/html,20,REMOVED,464,
EFTA01175102,9,https://www.justice.gov/epstein/files/DataSet%209/EFTA01175102.pdf,404,text/html,20,REMOVED,464,
EFTA00764769,9,https://www.justice.gov/epstein/files/DataSet%209/EFTA00764769.pdf,404,text/html,20,REMOVED,20,"Tue, 02 Sep 2025 17:24:21 GMT"
EFTA01147669,9,https://www.justice.gov/epstein/files/DataSet%209/EFTA01147669.pdf,404,text/html,20,REMOVED,20,"Tue, 02 Sep 2025 17:24:21 GMT"
EFTA01231804,9,https://www.justice.gov/epstein/files/DataSet%209/EFTA01231804.pdf,404,text/html,20,REMOVED,20,"Tue, 02 Sep 2025 17:24:21 GMT"
EFTA01215879,9,https://www.justice.gov/epstein/files/DataSet%209/EFTA01215879.pdf,404,text/html,20,REMOVED,20,"Tue, 02 Sep 2025 17:24:21 GMT"
EFTA01137738,9,https://www.justice.gov/epstein/files/DataSet%209/EFTA01137738.pdf,404,text/html,20,REMOVED,464,
EFTA01176009,9,https://www.justice.gov/epstein/files/DataSet%209/EFTA01176009.pdf,404,text/html,20,REMOVED,20,"Tue, 02 Sep 2025 17:24:21 GMT"
EFTA01229883,9,https://www.justice.gov/epstein/files/DataSet%209/EFTA01229883.pdf,404,text/html,20,REMOVED,464,
EFTA00053963,9,https://www.justice.gov/epstein/files/DataSet%209/EFTA00053963.pdf,404,text/html,20,REMOVED,20,"Tue, 02 Sep 2025 17:24:21 GMT"
EFTA01176524,9,https://www.justice.gov/epstein/files/DataSet%209/EFTA01176524.pdf,404,text/html,20,REMOVED,20,"Tue, 02 Sep 2025 17:24:21 GMT"
EFTA01173885,9,https://www.justice.gov/epstein/files/DataSet%209/EFTA01173885.pdf,404,text/html,20,REMOVED,464,
EFTA01154064,9,https://www.justice.gov/epstein/files/DataSet%209/EFTA01154064.pdf,404,text/html,20,REMOVED,464,
EFTA01233042,9,https://www.justice.gov/epstein/files/DataSet%209/EFTA01233042.pdf,404,text/html,20,REMOVED,20,"Tue, 02 Sep 2025 17:24:21 GMT"
EFTA01180956,9,https://www.justice.gov/epstein/files/DataSet%209/EFTA01180956.pdf,404,text/html,20,REMOVED,20,"Tue, 02 Sep 2025 17:24:21 GMT"
EFTA01237642,9,https://www.justice.gov/epstein/files/DataSet%209/EFTA01237642.pdf,404,text/html,20,REMOVED,20,"Tue, 02 Sep 2025 17:24:21 GMT"
EFTA01234601,9,https://www.justice.gov/epstein/files/DataSet%209/EFTA01234601.pdf,404,text/html,20,REMOVED,462,
EFTA01234650,9,https://www.justice.gov/epstein/files/DataSet%209/EFTA01234650.pdf,404,text/html,20,REMOVED,20,"Tue, 02 Sep 2025 17:24:21 GMT"
EFTA01155242,9,https://www.justice.gov/epstein/files/DataSet%209/EFTA01155242.pdf,404,text/html,20,REMOVED,20,"Tue, 02 Sep 2025 17:24:21 GMT"
EFTA02267055,11,https://www.justice.gov/epstein/files/DataSet%2011/EFTA02267055.pdf,404,text/html,20,REMOVED,465,
EFTA01238717,9,https://www.justice.gov/epstein/files/DataSet%209/EFTA01238717.pdf,404,text/html,20,REMOVED,20,"Tue, 02 Sep 2025 17:24:21 GMT"
EFTA01136330,9,https://www.justice.gov/epstein/files/DataSet%209/EFTA01136330.pdf,200,application/pdf,15383,LIVE,462,
EFTA00542245,9,https://www.justice.gov/epstein/files/DataSet%209/EFTA00542245.pdf,404,text/html,20,REMOVED,20,"Tue, 02 Sep 2025 17:24:21 GMT"
EFTA01173464,9,https://www.justice.gov/epstein/files/DataSet%209/EFTA01173464.pdf,200,application/pdf,26592,LIVE,464,
EFTA02622365,11,https://www.justice.gov/epstein/files/DataSet%2011/EFTA02622365.pdf,404,text/html,20,REMOVED,465,
EFTA01186528,9,https://www.justice.gov/epstein/files/DataSet%209/EFTA01186528.pdf,404,text/html,20,REMOVED,20,"Tue, 02 Sep 2025 17:24:21 GMT"
EFTA00548328,9,https://www.justice.gov/epstein/files/DataSet%209/EFTA00548328.pdf,404,text/html,20,REMOVED,20,"Tue, 02 Sep 2025 17:24:21 GMT"
EFTA01164173,9,https://www.justice.gov/epstein/files/DataSet%209/EFTA01164173.pdf,404,text/html,20,REMOVED,20,"Tue, 02 Sep 2025 17:24:21 GMT"
EFTA01178625,9,https://www.justice.gov/epstein/files/DataSet%209/EFTA01178625.pdf,404,text/html,20,REMOVED,20,"Tue, 02 Sep 2025 17:24:21 GMT"
EFTA01157985,9,https://www.justice.gov/epstein/files/DataSet%209/EFTA01157985.pdf,404,text/html,20,REMOVED,20,"Tue, 02 Sep 2025 17:24:21 GMT"
EFTA01149071,9,https://www.justice.gov/epstein/files/DataSet%209/EFTA01149071.pdf,404,text/html,20,REMOVED,20,"Tue, 02 Sep 2025 17:24:21 GMT"
EFTA01068705,9,https://www.justice.gov/epstein/files/DataSet%209/EFTA01068705.pdf,404,text/html,20,REMOVED,20,"Tue, 02 Sep 2025 17:24:21 GMT"
EFTA00246558,9,https://www.justice.gov/epstein/files/DataSet%209/EFTA00246558.pdf,404,text/html,20,REMOVED,20,"Tue, 02 Sep 2025 17:24:21 GMT"
EFTA00276294,9,https://www.justice.gov/epstein/files/DataSet%209/EFTA00276294.pdf,404,text/html,20,REMOVED,20,"Tue, 02 Sep 2025 17:24:21 GMT"
EFTA01166439,9,https://www.justice.gov/epstein/files/DataSet%209/EFTA01166439.pdf,404,text/html,20,REMOVED,20,"Tue, 02 Sep 2025 17:24:21 GMT"
EFTA01238973,9,https://www.justice.gov/epstein/files/DataSet%209/EFTA01238973.pdf,404,text/html,20,REMOVED,20,"Tue, 02 Sep 2025 17:24:21 GMT"
EFTA00519848,9,https://www.justice.gov/epstein/files/DataSet%209/EFTA00519848.pdf,404,text/html,20,REMOVED,9431,"Tue, 02 Sep 2025 17:24:21 GMT"
EFTA01236388,9,https://www.justice.gov/epstein/files/DataSet%209/EFTA01236388.pdf,404,text/html,20,REMOVED,462,
EFTA01231015,9,https://www.justice.gov/epstein/files/DataSet%209/EFTA01231015.pdf,404,text/html,20,REMOVED,464,
EFTA01148102,9,https://www.justice.gov/epstein/files/DataSet%209/EFTA01148102.pdf,404,text/html,20,REMOVED,20,"Tue, 02 Sep 2025 17:24:21 GMT"
EFTA01216930,9,https://www.justice.gov/epstein/files/DataSet%209/EFTA01216930.pdf,200,application/pdf,35551,LIVE,464,
EFTA01241497,9,https://www.justice.gov/epstein/files/DataSet%209/EFTA01241497.pdf,404,text/html,20,REMOVED,20,"Tue, 02 Sep 2025 17:24:21 GMT"
EFTA01229040,9,https://www.justice.gov/epstein/files/DataSet%209/EFTA01229040.pdf,404,text/html,20,REMOVED,20,"Tue, 02 Sep 2025 17:24:21 GMT"
EFTA01166075,9,https://www.justice.gov/epstein/files/DataSet%209/EFTA01166075.pdf,404,text/html,20,REMOVED,20,"Tue, 02 Sep 2025 17:24:21 GMT"
EFTA01068734,9,https://www.justice.gov/epstein/files/DataSet%209/EFTA01068734.pdf,404,text/html,20,REMOVED,20,"Tue, 02 Sep 2025 17:24:21 GMT"
EFTA00164447,9,https://www.justice.gov/epstein/files/DataSet%209/EFTA00164447.pdf,404,text/html,20,REMOVED,20,"Tue, 02 Sep 2025 17:24:21 GMT"
EFTA00559232,9,https://www.justice.gov/epstein/files/DataSet%209/EFTA00559232.pdf,404,text/html,20,REMOVED,20,"Tue, 02 Sep 2025 17:24:21 GMT"
EFTA01232420,9,https://www.justice.gov/epstein/files/DataSet%209/EFTA01232420.pdf,404,text/html,20,REMOVED,20,"Tue, 02 Sep 2025 17:24:21 GMT"
EFTA01156346,9,https://www.justice.gov/epstein/files/DataSet%209/EFTA01156346.pdf,404,text/html,20,REMOVED,20,"Tue, 02 Sep 2025 17:24:21 GMT"
EFTA01138848,9,https://www.justice.gov/epstein/files/DataSet%209/EFTA01138848.pdf,200,application/pdf,110003,LIVE,464,
EFTA01237585,9,https://www.justice.gov/epstein/files/DataSet%209/EFTA01237585.pdf,404,text/html,20,REMOVED,20,"Tue, 02 Sep 2025 17:24:21 GMT"
EFTA00278779,9,https://www.justice.gov/epstein/files/DataSet%209/EFTA00278779.pdf,404,text/html,20,REMOVED,464,
EFTA01167250,9,https://www.justice.gov/epstein/files/DataSet%209/EFTA01167250.pdf,404,text/html,20,REMOVED,464,
EFTA00752959,9,https://www.justice.gov/epstein/files/DataSet%209/EFTA00752959.pdf,404,text/html,20,REMOVED,20,"Tue, 02 Sep 2025 17:24:21 GMT"
EFTA01236525,9,https://www.justice.gov/epstein/files/DataSet%209/EFTA01236525.pdf,404,text/html,20,REMOVED,462,
EFTA00776278,9,https://www.justice.gov/epstein/files/DataSet%209/EFTA00776278.pdf,404,text/html,20,REMOVED,464,
EFTA01237597,9,https://www.justice.gov/epstein/files/DataSet%209/EFTA01237597.pdf,404,text/html,20,REMOVED,20,"Tue, 02 Sep 2025 17:24:21 GMT"
EFTA01179866,9,https://www.justice.gov/epstein/files/DataSet%209/EFTA01179866.pdf,404,text/html,20,REMOVED,464,
EFTA01234704,9,https://www.justice.gov/epstein/files/DataSet%209/EFTA01234704.pdf,404,text/html,20,REMOVED,20,"Tue, 02 Sep 2025 17:24:21 GMT"
EFTA01750052,10,https://www.justice.gov/epstein/files/DataSet%2010/EFTA01750052.pdf,404,text/html,20,REMOVED,20,"Tue, 02 Sep 2025 17:24:21 GMT"
EFTA01232629,9,https://www.justice.gov/epstein/files/DataSet%209/EFTA01232629.pdf,404,text/html,20,REMOVED,20,"Tue, 02 Sep 2025 17:24:21 GMT"
EFTA01235142,9,https://www.justice.gov/epstein/files/DataSet%209/EFTA01235142.pdf,404,text/html,20,REMOVED,20,"Tue, 02 Sep 2025 17:24:21 GMT"
EFTA01133500,9,https://www.justice.gov/epstein/files/DataSet%209/EFTA01133500.pdf,200,application/pdf,18058,LIVE,464,
EFTA01238912,9,https://www.justice.gov/epstein/files/DataSet%209/EFTA01238912.pdf,404,text/html,20,REMOVED,20,"Tue, 02 Sep 2025 17:24:21 GMT"
EFTA01235687,9,https://www.justice.gov/epstein/files/DataSet%209/EFTA01235687.pdf,404,text/html,20,REMOVED,20,"Tue, 02 Sep 2025 17:24:21 GMT"
EFTA01168851,9,https://www.justice.gov/epstein/files/DataSet%209/EFTA01168851.pdf,404,text/html,20,REMOVED,464,
EFTA01166960,9,https://www.justice.gov/epstein/files/DataSet%209/EFTA01166960.pdf,404,text/html,20,REMOVED,20,"Tue, 02 Sep 2025 17:24:21 GMT"
EFTA01172298,9,https://www.justice.gov/epstein/files/DataSet%209/EFTA01172298.pdf,404,text/html,20,REMOVED,20,"Tue, 02 Sep 2025 17:24:21 GMT"
EFTA01240215,9,https://www.justice.gov/epstein/files/DataSet%209/EFTA01240215.pdf,404,text/html,20,REMOVED,464,
EFTA01165020,9,https://www.justice.gov/epstein/files/DataSet%209/EFTA01165020.pdf,404,text/html,20,REMOVED,20,"Tue, 02 Sep 2025 17:24:21 GMT"
EFTA01171672,9,https://www.justice.gov/epstein/files/DataSet%209/EFTA01171672.pdf,404,text/html,20,REMOVED,20,"Tue, 02 Sep 2025 17:24:21 GMT"
EFTA01234350,9,https://www.justice.gov/epstein/files/DataSet%209/EFTA01234350.pdf,404,text/html,20,REMOVED,462,
EFTA00520458,9,https://www.justice.gov/epstein/files/DataSet%209/EFTA00520458.pdf,404,text/html,20,REMOVED,20,"Tue, 02 Sep 2025 17:24:21 GMT"
EFTA01173729,9,https://www.justice.gov/epstein/files/DataSet%209/EFTA01173729.pdf,404,text/html,20,REMOVED,464,
EFTA01164124,9,https://www.justice.gov/epstein/files/DataSet%209/EFTA01164124.pdf,404,text/html,20,REMOVED,20,"Tue, 02 Sep 2025 17:24:21 GMT"
EFTA01171252,9,https://www.justice.gov/epstein/files/DataSet%209/EFTA01171252.pdf,404,text/html,20,REMOVED,464,
EFTA01187027,9,https://www.justice.gov/epstein/files/DataSet%209/EFTA01187027.pdf,404,text/html,20,REMOVED,20,"Tue, 02 Sep 2025 17:24:21 GMT"
EFTA01180204,9,https://www.justice.gov/epstein/files/DataSet%209/EFTA01180204.pdf,404,text/html,20,REMOVED,464,
EFTA00534237,9,https://www.justice.gov/epstein/files/DataSet%209/EFTA00534237.pdf,404,text/html,20,REMOVED,20,"Tue, 02 Sep 2025 17:24:21 GMT"
EFTA00787088,9,https://www.justice.gov/epstein/files/DataSet%209/EFTA00787088.pdf,404,text/html,20,REMOVED,20,"Tue, 02 Sep 2025 17:24:21 GMT"
EFTA01069161,9,https://www.justice.gov/epstein/files/DataSet%209/EFTA01069161.pdf,404,text/html,20,REMOVED,20,"Tue, 02 Sep 2025 17:24:21 GMT"
EFTA01159681,9,https://www.justice.gov/epstein/files/DataSet%209/EFTA01159681.pdf,404,text/html,20,REMOVED,20,"Tue, 02 Sep 2025 17:24:21 GMT"
EFTA01216389,9,https://www.justice.gov/epstein/files/DataSet%209/EFTA01216389.pdf,404,text/html,20,REMOVED,464,
EFTA01131415,9,https://www.justice.gov/epstein/files/DataSet%209/EFTA01131415.pdf,404,text/html,20,REMOVED,20,"Tue, 02 Sep 2025 17:24:21 GMT"
EFTA01155302,9,https://www.justice.gov/epstein/files/DataSet%209/EFTA01155302.pdf,404,text/html,20,REMOVED,20,"Tue, 02 Sep 2025 17:24:21 GMT"
EFTA00517472,9,https://www.justice.gov/epstein/files/DataSet%209/EFTA00517472.pdf,200,application/pdf,730851,LIVE,460,
EFTA01231073,9,https://www.justice.gov/epstein/files/DataSet%209/EFTA01231073.pdf,404,text/html,20,REMOVED,464,
EFTA01230083,9,https://www.justice.gov/epstein/files/DataSet%209/EFTA01230083.pdf,404,text/html,20,REMOVED,464,
EFTA01184473,9,https://www.justice.gov/epstein/files/DataSet%209/EFTA01184473.pdf,404,text/html,20,REMOVED,20,"Tue, 02 Sep 2025 17:24:21 GMT"
EFTA01237765,9,https://www.justice.gov/epstein/files/DataSet%209/EFTA01237765.pdf,404,text/html,20,REMOVED,20,"Tue, 02 Sep 2025 17:24:21 GMT"
EFTA01231192,9,https://www.justice.gov/epstein/files/DataSet%209/EFTA01231192.pdf,404,text/html,20,REMOVED,464,
EFTA00512456,9,https://www.justice.gov/epstein/files/DataSet%209/EFTA00512456.pdf,200,application/pdf,1467483,LIVE,460,
EFTA01153282,9,https://www.justice.gov/epstein/files/DataSet%209/EFTA01153282.pdf,404,text/html,20,REMOVED,464,
EFTA01231765,9,https://www.justice.gov/epstein/files/DataSet%209/EFTA01231765.pdf,404,text/html,20,REMOVED,20,"Tue, 02 Sep 2025 17:24:21 GMT"
EFTA01227145,9,https://www.justice.gov/epstein/files/DataSet%209/EFTA01227145.pdf,404,text/html,20,REMOVED,20,"Tue, 02 Sep 2025 17:24:21 GMT"
EFTA00245230,9,https://www.justice.gov/epstein/files/DataSet%209/EFTA00245230.pdf,404,text/html,20,REMOVED,20,"Tue, 02 Sep 2025 17:24:21 GMT"
EFTA01216041,9,https://www.justice.gov/epstein/files/DataSet%209/EFTA01216041.pdf,404,text/html,20,REMOVED,20,"Tue, 02 Sep 2025 17:24:21 GMT"
EFTA01239214,9,https://www.justice.gov/epstein/files/DataSet%209/EFTA01239214.pdf,404,text/html,20,REMOVED,20,"Tue, 02 Sep 2025 17:24:21 GMT"
EFTA00172879,9,https://www.justice.gov/epstein/files/DataSet%209/EFTA00172879.pdf,404,text/html,20,REMOVED,20,"Tue, 02 Sep 2025 17:24:21 GMT"
EFTA01194595,9,https://www.justice.gov/epstein/files/DataSet%209/EFTA01194595.pdf,404,text/html,20,REMOVED,20,"Tue, 02 Sep 2025 17:24:21 GMT"
EFTA01175583,9,https://www.justice.gov/epstein/files/DataSet%209/EFTA01175583.pdf,404,text/html,20,REMOVED,20,"Tue, 02 Sep 2025 17:24:21 GMT"
EFTA01227212,9,https://www.justice.gov/epstein/files/DataSet%209/EFTA01227212.pdf,404,text/html,20,REMOVED,20,"Tue, 02 Sep 2025 17:24:21 GMT"
EFTA01231617,9,https://www.justice.gov/epstein/files/DataSet%209/EFTA01231617.pdf,404,text/html,20,REMOVED,20,"Tue, 02 Sep 2025 17:24:21 GMT"
EFTA01156604,9,https://www.justice.gov/epstein/files/DataSet%209/EFTA01156604.pdf,404,text/html,20,REMOVED,20,"Tue, 02 Sep 2025 17:24:21 GMT"
EFTA01240691,9,https://www.justice.gov/epstein/files/DataSet%209/EFTA01240691.pdf,404,text/html,20,REMOVED,20,"Tue, 02 Sep 2025 17:24:21 GMT"
EFTA01156423,9,https://www.justice.gov/epstein/files/DataSet%209/EFTA01156423.pdf,404,text/html,20,REMOVED,20,"Tue, 02 Sep 2025 17:24:21 GMT"
EFTA01171445,9,https://www.justice.gov/epstein/files/DataSet%209/EFTA01171445.pdf,404,text/html,20,REMOVED,20,"Tue, 02 Sep 2025 17:24:21 GMT"
EFTA01233821,9,https://www.justice.gov/epstein/files/DataSet%209/EFTA01233821.pdf,404,text/html,20,REMOVED,462,
EFTA01240352,9,https://www.justice.gov/epstein/files/DataSet%209/EFTA01240352.pdf,404,text/html,20,REMOVED,20,"Tue, 02 Sep 2025 17:24:21 GMT"
